First Name,Last Name,District,Party,Municipalities,Counties,House,Email,Phone,Co-sponsored Bills,2024 YES Vote,Notes
House Housing and Community Development Committee,,,,,,,,,,,
Brandon,Markosek,HD25,Democratic,"Monroeville, East McKeesport",Allegheny,General Assembly,,,,,
Aerion,Abney,HD19,Democratic,Pittsburgh,Allegheny,General Assembly,,,,,
Heather,Boyd,HD163,Democratic,"Upper Darby, Darby, Collingdale",Delaware,General Assembly,,,Y,,
Amen,Brown,HD10,Democratic,Philadelphia,Philadelphia,General Assembly,,,,,
Morgan,Cephas,HD192,Democratic,Philadelphia,Philadelphia,General Assembly,,,,,
Roni,Green,HD190,Democratic,Philadelphia,Philadelphia,General Assembly,,,Y,,
Rick,Krajewski,HD188,Democratic,Philadelphia,Philadelphia,General Assembly,,,Y,,
Dave,Madsen,HD104,Democratic,"Harrisburg, Swatara Township",Dauphin,General Assembly,,,Y,Y,
La’Tasha,Mayes,HD24,Democratic,Pittsburgh,Allegheny,General Assembly,,,Y,,
Lindsay,Powell,HD21,Democratic,Pittsburgh,Allegheny,General Assembly,,,Y,,
Tara,Probst,HD189,Democratic,East Stroudsburg,Monroe,General Assembly,,,,Y,
Joshua,Siegel,HD22,Democratic,Allentown,Lehigh,General Assembly,,,Y,,
Ismail,Smith-Wade-El,HD49,Democratic,Lancaster,Lancaster,General Assembly,,,Y,Y,
Ben,Waxman,HD182,Democratic,Philadelphia,Philadelphia,General Assembly,,,Y,,
Rich,Irvin,HD81,Republican,Shippensburg,"Franklin, Huntingdon",General Assembly,,,,,
Josh,Bashline,HD63,Republican,"Parker City, Washington Township, Kittanning","Armstrong, Clarion",General Assembly,,,,,
Tom,Jones,HD98,Republican,"East and West Donegal Township, Elizabethtown, Marietta, Mount Joy, Mount Gretna","Lancaster, Lebanon",General Assembly,,,,N,
Dallas,Kephard,HD73,Republican,"Susquehanna Township, Clearfield","Cambria, Clearfield",General Assembly,,,,,
Milou,Mackenzie,HD131,Republican,"Upper Saucon, Lower Saucon, Coopersburg, Upper Milford","Lehigh, Northampton, Montgomery",General Assembly,,,,,
Abby,Major,HD60,Republican,"Lower Burrell, Allegheny Township","Armstrong, Westmoreland",General Assembly,,,,,
Brian,Rasel,HD56,Republican,"Irwin, Jeannette, North Huntingdon, ",Westmoreland,General Assembly,,,,,
Leslie,Rossi,HD59,Republican,"Latrobe, Cook Township, Derry Township",Westmoreland,General Assembly,,,,,Real estate developer (bio)
Jeremy,Shaffer,HD28,Republican,"Hampton Township, Richland Township, Bradford Woods",Allegheny,General Assembly,,,,,
K.C.,Tomlinson,HD18,Republican,Bensalem Township,Bucks,General Assembly,,,,,
Jamie,Walsh,HD117,Republican,"Conyngham, Dallas, Freeland, Harveys Lake, Jeddo, Nescopeck, New Columbus, Nuangola, Penn Lake Park, Shickshinny and White Haven",Luzerne,General Assembly,,,,,
Eric,Weaknecht,HD5,Republican,Bethel Township,Berks,General Assembly,,,,,
,,,,,,,,,,,
House Local Government Committee,,,,,,,,,,,
Bob,Freeman,HD136,Democratic,Easton,Northampton,General Assembly,,,,Y,
Lisa,Borowski,HD168,Democratic,"Radnor, Newtown",Delaware,General Assembly,,,,Y,
Kyle,Donahue,HD113,Democratic,Scranton,Lackawanna,General Assembly,,,,Y,
Justin,Fleming,HD105,Democratic,"Lower Paxton, Susquehanna, Penbrook",Dauphin,General Assembly,,,,Y,
Jim,Haddock,HD118,Democratic,Pittston,"Lackawanna, Luzerne",General Assembly,,,,,Mayor of Pittston is a big housing proponent - Fetterman's staff can help with this
Liz,Hanbidge,HD61,Democratic,"Lower Gwynedd, Towamencin, Upper Gwynedd, Whitpain",Montgomery,General Assembly,,,,Y,
Carol,Kazeem,HD159,Democratic,"Chester, Eddystone, Marcus Hook",Delaware,General Assembly,,,,Y,
Dave,Madsen,HD104,Democratic,"Harrisburg, Swatara Township",Dauphin,General Assembly,,,,Y,
Brian,Munroe,HD144,Democratic,"New Britain, Warminster, Warrington",Bucks,General Assembly,,,,Y,
Tarah,Probst,HD189,Democratic,East Stroudsburg,Monroe,General Assembly,,,,Y,
Jim,Prokopiak,HD140,Democratic,"Falls Township, Middletown Township, Morrisville, Tullytown",Bucks,General Assembly,,,,Y,
Abigail,Salisbury,HD34,Democratic,"Pittsburgh, Braddock, Wilkinsburg, Chalfant",Allegheny,General Assembly,,,,Y,
Christina,Sappey,HD158,Democratic,"Kennett Square, Avondale, East Marlborough Township",Chester,General Assembly,,,,Y/N,"Yes on HB1976, No on HB2045"
Ismail,Smith-Wade-El,HD49,Democratic,Lancaster,Lancaster,General Assembly,,,,Y,
Brett,Miller,HD41,Republican,East and West Hempfield Township,Lancaster,General Assembly,,,,N,
Jacob,Banta,HD4,Republican,"Union City, Corry, Washington Township",Erie,General Assembly,,,,N,
Wendy,Fink,HD94,Republican,"Chanceford Township, Lower Chanceford Township, Lower Windsor",York,General Assembly,,,,N,
Jamie,Flick,HD83,Republican,"Williamsport, Armstrong Township","Union, Lycoming",General Assembly,,,,,
Tom,Jones,HD98,Republican,"East and West Donegal Township, Elizabethtown, Marietta, Mount Joy, Mount Gretna","Lancaster, Lebanon",General Assembly,,,,N,
Roman,Kozak,HD14,Republican,"Beaver Falls, New Sewickley",Beaver,General Assembly,,,,,
Andrew,Kuzma,HD39,Republican,"Elizabeth Township, Monongahela, Union Township","Allegheny, Washington",General Assembly,,,,N,
Chad,Reichard,HD90,Republican,"Mercersberg, Waynesboro, Washington Township",Franklin,General Assembly,,,,,
Alec,Ryncavage,HD119,Republican,"Nanticoke, Hanover Township, Plymouth Township",Luzerne,General Assembly,,,,N,
Dan,Watro,HD116 ,Republican,"Hazleton, Hazle Township, East Union Township","Luzerne, Schuylkill",General Assembly,,,,N,
Eric,Weaknecht,HD5,Republican,Bethel Township,Berks,General Assembly,,,,,
Parke,Wentling,HD7,Republican,"Farrell, Hermitage, Sharon",Mercer,General Assembly,,,,N,
,,,,,,,,,,,
Senate Urban Affairs and Housing Committee,,,,,,,,,,,
Joe,Picozzi,SD5,Republican,Philadelphia,Philadelphia,Senate,,,,,
Dawn,Keefer,SD31,Republican,"Mechanicsburg, York, Lower Allen Township","Cumberland, York",Senate,,,,,
Dave,Argall,SD29,Republican,"Hazleton, Bear Creek Township, White Haven, Hazle Township","Schuylkill, Carbon, Luzerne",Senate,,,,,
Jarrett,Coleman,SD16,Republican,"Allentown, Quakertown, Lower Macungie Township, Dublin, Sellersville","Lehigh, Bucks",Senate,,,Y,,
Frank,Farry,SD6,Republican,"Langhorne, Bensalem Township, Middletown Township, Warminster Township",Bucks,Senate,,,,,
Wayne,Langerholc,SD35,Republican,"Johnstown, Cambria Township, Adams Township","Cambria, Centre, Clearfield",Senate,,,,,
Nikil,Saval,SD1,Democratic,Philadelphia,Philadelphia,Senate,,,Y,,
Wayne,Fontana,SD42,Democratic,Pittsburgh,Allegheny,Senate,,,,,
Nick,Miller,SD14,Democratic,"Allentown, Catasauqua, Emmaus, Northampton",Lehigh,Senate,,,,,Senate Dem Caucus Policy Chair
Sharif,Street,SD3,Democratic,Philadelphia,Philadelphia,Senate,,,,,
,,,,,,,,,,,
Senate Local Government Committee,,,,,,,,,,,
Dawn,Keefer,SD31,Republican,"Mechanicsburg, York, Lower Allen Township","Cumberland, York",Senate,,,,,
Rosemary,Brown,SD40,Republican,"Carbondale, Honesdale, Jessup","Monroe, Lackawanna, Wayne",Senate,,,,,
Lynda,Schlegel-Culver,SD27,Republican,Bloomsberg ,"Columbia, Luzerne, Montour, Northumberland, Snyder",Senate,,,,,
Cris,Dush,SD25,Republican,"State College, Unionville, Bellefonte","Cameron, Centre, Clinton, Elk, Jefferson, McKean, Potter",Senate,,,,,
Scott,Hutchinson,SD21,Republican,"Butler, Butler Township, Slippery Rock","Butler, Clarion, Erie, Forest, Venango, Warren",Senate,,,Y,,
Doug,Mastriano,SD33,Republican,"Gettysburg, Chambersburg","Franklin, Adams",Senate,,,,,
Patty,Kim,SD15,Democratic,"Harrisburg, Susquehanna Township, Swatara Township",Dauphin,Senate,,,,,
Carolyn,Comitta,SD19,Democratic,"Coatesville, West Chester, Malvern",Chester,Senate,,,,,
Wayne,Fontana,SD42,Democratic,Pittsburgh,Allegheny,Senate,,,,,
Tim,Kearney,SD26,Democratic,"Swarthmore, Media, Ridley Park, Lansdowne",Delaware,Senate,,,Y,,
,,,,,,,,,,,
House Transportation Committee,,,,,,,,,,,
Ed ,Neilson,HD174,Democratic,Philadelphia,Philadelphia,General Assembly,,,,,
Anthony,Bellmon,HD203,Democratic,Philadelphia,Philadelphia,General Assembly,,,,,
Gina,Curry,HD164,Democratic,"Upper Darby, Lansdowne, East Lansdowne, Millbourne",Delaware,General Assembly,,,,,
Manuel,Guzman,HD127,Democratic,Reading,Berks,General Assembly,,,,,
Joe,Hohenstein,HD177,Democratic,Philadelphia,Philadelphia,General Assembly,,,,,
Mary,Isaacson,HD175,Democratic,Philadelphia,Philadelphia,General Assembly,,,,,
Dave,Madsen,HD104,Democratic,"Harrisburg, Swatara Township",Dauphin,General Assembly,,,,,
Joe,McAndrew,HD32,Democratic,"Oakmont, Plum, Verona, Penn Hills Township",Allegheny,General Assembly,,,,,
Kyle,Mullins,HD112,Democratic,"Carbondale, Archbald, Blakely, Dunmore, Jermyn, Jessup, Mayfield, Olyphant, Throop, Vandling",Lackawanna,General Assembly,,,,,
Jen,O'Mara,HD165,Democratic,"Media, Morton, Swarthmore, Marple Township, Upper Providence Township, Springfield Township",Delaware,General Assembly,,,,,
Lindsay,Powell,HD21,Democratic,"Pittsburgh, Millvale, Etna",Allegheny,General Assembly,,,,,
Christina,Sappey,HD158,Democratic,"Kennett Square, Avondale, East Marlborough Township",Chester,General Assembly,,,,,
Melissa,Shusterman,HD157,Democratic,"Easttown Township, Schuylkill Township, Tredyffrin Township, Willistown Township",Chester,General Assembly,,,,,
Josh,Siegel,HD22,Democratic,"Allentown, Salisbury Township",Lehigh,General Assembly,,,,,
Kerry,Benninghoff,HD171,Republican,"Bellefonte, Centre Hall, Millheim, Juniata Terrace, Lewistown",Centre,General Assembly,,,,,
Aaron,Bernstine,HD8,Republican,"Connoquenessing, Portersville, Prospect, West Liberty, West Sunbury, Ellport, Elwood City","Butler, Lawrence",General Assembly,,,,,
Eric,Davanzo,HD58,Republican,"Monessen, East Huntingdon Township, Mount Pleasant Township, North Huntingdon, Sewickley Township",Westmoreland,General Assembly,,,,,
Ann,Flood,HD138,Republican,"Forks Township, Lower Mount Bethel Township, Bushkill Township, Moore Township, Bangor, East Bangor, Pen Argyl, Stockertown, Wind Gap",Northampton,General Assembly,,,,,
Joe,Hamm,HD84,Republican,"Hughesville, Jersey Shore, Montoursville, Muncy, Picture Rocks, Salladasburg","Lycoming, Sullivan",General Assembly,,,,,
Shelby,Labs,HD143,Republican,"Dublin, Perkasie, Sellersville, Silverdale, Bedminster Township, Hilltown Township, New Britain Township, Plumstead Township, Tinicum Township",Bucks,General Assembly,,,,,
Alec,Ryncavage,HD119,Republican,"Nanticoke, Hanover Township, Plymouth Township",Luzerne,General Assembly,,,,,
Donna,Scheuren,HD147,Republican,"Douglass Township, Franconia Township, Lower Frederick Township, Lower Salford Township, New Hanover Township, Upper Frederick Township, Upper Pottsgrove Township, Upper Salford Township",Montgomery,General Assembly,,,,,
Lou,Schmitt,HD79,Republican,"Altoona , Allegheny Township, Logan Township, Tunnelhill",Blair,General Assembly,,,,,
Brian,Smith,HD66,Republican,"Cherry Tree, Ernest, Glen Campbell, Marion Center, Plumville, Smicksburg, Banks Township, Canoe Township, East Mahoning Township, Grant Township, Green Township, Montgomery, Township North Mahoning Township, Rayne Township, South Mahoning Township, West Mahoning Township ","Indiana, Jefferson",General Assembly,,,,,
Perry,Stambaugh,HD86,Republican,"Mifflin, Mifflintown, Port Royal, Thompsontown, Susquehanna Township","Juniata, Perry",General Assembly,,,,,
K.C.,Tomlinson,HD18,Republican,Bensalem Township,Bucks,General Assembly,,,,,
,,,,,,,,,,,
Senate Transportation Committee,,,,,,,,,,,
,,,,,,,,,,,
Judy,Ward,SD30,Republican,"Altoona, Franklin Township, Juniata Township","Blair, Fulton, Huntingdon, Juniata, Mifflin",Senate,,,,,
Devlin,Robinson,SD37,Republican,"Sewickley, Bethlel Park, Glenfield",Allegheny,Senate,,,,,
Camera,Bartolotta,SD46,Republican,Hanover Township,"Beaver, Washington, Greene",Senate,,,,,
Rosemary,Brown,SD40,Republican,"Carbondale, Honesdale, Jessup","Monroe, Lackawanna, Wayne",Senate,,,,,
Wayne,Langerholc,SD35,Republican,"Johnstown, Cambria Township, Adams Township","Cambria, Centre, Clearfield",Senate,,,,,
Greg,Rothman,SD34,Republican,"Carlisle, Shippensburg","Cumberland, Dauphin, Perry",Senate,,,,,
Pat,Stefano,SD32,Republican,"Uniontown, Masontown, Shanksville, Somerset, Bedford","Fayette, Somerset, Bedford, Westmoreland",Senate,,,,,
Elder,Vogel,SD47,Republican,"Aliquippa, Beaver Falls, ","Beaver, Butler, Lawrence",Senate,,,,,
Marty,Flynn,SD22,Democratic,"Scranton, Pittston, Wilkes-Barre","Lackawanna, Luzerne",Senate,,,,,
Tim,Kearney,SD26,Democratic,"Swarthmore, Media, Ridley Park, Lansdowne",Delaware,Senate,,,,,
Nick,Miller,SD14,Democratic,"Allentown, Catasauqua, Emmaus, Northampton",Lehigh,Senate,,,,,Senate Dem Caucus Policy Chair
Nikil,Saval,SD1,Democratic,Philadelphia,Philadelphia,Senate,,,,,
Lindsey,Williams,SD38,Democratic,"Pittsburgh, McCandless Township",Allegheny,Senate,,,,,